{
  "mIoU": 0.4436585158109665,
  "precision": 0.7618779540061951,
  "recall": 0.6675810664892197,
  "f1": 0.7116192716538466,
  "accuracy": 0.6319449543952942,
  "class_ious": [
    0.5444795489311218,
    0.34283748269081116
  ],
  "class_precisions": [
    0.5476679801940918,
    0.9760879278182983
  ],
  "class_recalls": [
    0.9894208312034607,
    0.34574130177497864
  ],
  "false_negative_rate": 0.6542586982250214,
  "false_positive_rate": 0.02391207218170166,
  "ece": 0.2727801501750946
}